ts,open,high,low,close,volume,ma20,ma60,ma240,macd,signal,hist
2025-03-06 00:00:00+08:00,46.35204934664009,46.35204934664009,45.862458136156576,46.04605484008789,56890884,,,,0.0,0.0,0.0
2025-03-07 00:00:00+08:00,45.7278216168218,45.77677999275177,45.483026001887296,45.6176643371582,68483412,,,,-0.009611325386238434,-0.005339625214576908,-0.004271700171661526
2025-03-10 00:00:00+08:00,45.61766151103723,45.61766151103723,45.12807031149954,45.348384857177734,79006576,,,,-0.020597076825033866,-0.011592679153288774,-0.009004397671745093
2025-03-11 00:00:00+08:00,44.24680851318024,44.577284095774324,43.84289723248502,44.55280303955078,134191768,,,,-0.053813008384416605,-0.02589495870312882,-0.027918049681287783
2025-03-12 00:00:00+08:00,44.577281973523604,45.14030888701282,44.45488416880254,44.74863815307617,51035508,,,,-0.06293641961181606,-0.03691395587967786,-0.026022463732138207
2025-03-13 00:00:00+08:00,45.33614493013926,45.495264313265544,44.320244671767284,44.33248519897461,52268912,,,,-0.08503277556722821,-0.0499568313696245,-0.035075944197603716
2025-03-14 00:00:00+08:00,44.33248294390663,44.344719735207036,43.95304903148711,44.185604095458984,49198232,,,,-0.10439268544482871,-0.06373309381961828,-0.040659591625210434
2025-03-17 00:00:00+08:00,44.687438390744525,44.919993468182305,44.454883313306745,44.565040588378906,43897376,,,,-0.09764967672764868,-0.07188388649390094,-0.02576579023374774
2025-03-18 00:00:00+08:00,44.82207758296572,45.00567429004731,44.638480875884134,44.74863815307617,30603120,,,,-0.08238554500696438,-0.07430982170941514,-0.008075723297549242
2025-03-19 00:00:00+08:00,44.69968103419513,44.711917826783406,44.08769199339446,44.19784927368164,46763368,,,,-0.09872973721554246,-0.07978130035693737,-0.01894843685860509
2025-03-20 00:00:00+08:00,44.66295474786522,45.15254592895508,44.66295474786522,45.15254592895508,30658212,,,,-0.05829369648223093,-0.07507993540794655,0.016786238925715624
2025-03-21 00:00:00+08:00,45.0423907432736,45.0423907432736,44.67519734047517,44.78535461425781,28538176,,,,-0.048025114939477476,-0.0692696946066795,0.02124457966720203
2025-03-24 00:00:00+08:00,45.140308043468494,45.140308043468494,44.626239514417264,44.73639678955078,29239460,,,,-0.04253812180461125,-0.06361236506563914,0.021074243261027886
2025-03-25 00:00:00+08:00,45.20150375366211,45.409581497223996,45.04238811584483,45.20150375366211,31256652,,,,-0.010922734170215165,-0.052589654969753125,0.04166692079953796
2025-03-26 00:00:00+08:00,45.336143461980434,45.38510183393981,45.00567164979143,45.16478729248047,26915048,,,,0.010880567728193569,-0.039432690911167106,0.050313258639360675
2025-03-27 00:00:00+08:00,44.430400268807595,44.45488132229808,44.173364148294816,44.30800247192383,69966552,,,,-0.02467569473181186,-0.03639581110811226,0.011720116376300403
2025-03-28 00:00:00+08:00,43.85513389209143,43.89185547631519,43.57362042279959,43.867374420166016,78993236,,,,-0.07875414743641329,-0.04506263796478341,-0.03369150947162988
2025-03-31 00:00:00+08:00,42.49651846241721,42.65563411132989,42.15380237472793,42.2884407043457,146065632,,,,-0.21875425038104623,-0.08043823046891443,-0.1383160199121318
2025-04-01 00:00:00+08:00,42.49651573070213,43.21866197096058,42.49651573070213,43.15746307373047,47284600,,,,-0.26793815188425896,-0.11848654880731418,-0.14945160307694477
2025-04-02 00:00:00+08:00,43.2921040943415,43.41450189643431,43.08402633666992,43.08402633666992,41725300,44.50445289611817,,,-0.30740015586935243,-0.15670995610221825,-0.1506901997671342
2025-04-07 00:00:00+08:00,38.7756233215332,38.7756233215332,38.7756233215332,38.7756233215332,92658524,44.14093132019043,,,-0.6192460941760416,-0.2500783551983319,-0.3691677389777097
2025-04-08 00:00:00+08:00,37.01309516715215,38.54306771651596,36.853979516132135,37.51492691040039,321307308,43.73579444885254,,,-0.9378648257030804,-0.38865818798294366,-0.5492066377201368
2025-04-09 00:00:00+08:00,37.33132892992364,37.73524017505167,35.49536193337002,35.78911590576172,300494796,43.25783100128174,,,-1.2910982798219806,-0.5702179459955972,-0.7208803338263834
2025-04-10 00:00:00+08:00,39.36313247680664,39.36313247680664,39.36313247680664,39.36313247680664,22371068,42.998347473144534,,,-1.3045052022807155,-0.7177722025280746,-0.5867329997526409
2025-04-11 00:00:00+08:00,38.494111514715065,40.28112030029297,38.029001327570086,40.28112030029297,189919436,42.77497158050537,,,-1.2357869037152795,-0.8217680278855367,-0.41401887582974284
2025-04-14 00:00:00+08:00,41.24805966596767,41.29701804017601,40.02408163433658,40.07304000854492,175434800,42.56199932098389,,,-1.1824214120092051,-0.894117367171006,-0.28830404483819916
2025-04-15 00:00:00+08:00,40.15872037528509,40.51367326102873,39.97512366866411,40.47695541381836,73965868,42.376566886901855,,,-1.0983949932435877,-0.9350719144046852,-0.1633230788389025
2025-04-16 00:00:00+08:00,40.09751801011799,40.09751801011799,39.510006358499666,39.7425651550293,98068248,42.135443115234374,,,-1.0725871235223892,-0.9626282579485529,-0.10995886557383627
2025-04-17 00:00:00+08:00,39.48553381624041,39.48553381624041,39.032660430136524,39.301937103271484,72955972,41.86310806274414,,,-1.0717408714910803,-0.9844846017108781,-0.08725626978020218
2025-04-18 00:00:00+08:00,39.51000919178065,39.60792967504774,39.314175695815464,39.387611389160156,44335540,41.622596168518065,,,-1.0524186936109103,-0.9980882606049104,-0.054330433005999934
2025-04-21 00:00:00+08:00,39.35089402453913,39.35089402453913,38.800103905999705,38.8245849609375,62867512,41.30619812011719,,,-1.0663122798598437,-1.0117465910111607,-0.05456568884868296
2025-04-22 00:00:00+08:00,38.567547254075876,38.653223472298805,38.175872802734375,38.175872802734375,75640860,40.97572402954101,,,-1.1125845975518658,-1.0319301834086876,-0.0806544141431782
2025-04-23 00:00:00+08:00,39.24073402671349,39.9261624293102,39.24073402671349,39.86496353149414,63235952,40.73215236663818,,,-1.0108196578347801,-1.0277054005196236,0.01688574268484344
2025-04-24 00:00:00+08:00,40.121999366749556,40.1587209497698,39.48553301586269,39.632408142089844,53776468,40.45369758605957,,,-0.9369086810611265,-1.0095368440753314,0.07262816301420494
2025-04-25 00:00:00+08:00,40.68502833716168,40.86862503880527,40.513672162684564,40.57487106323242,70563724,40.22420177459717,,,-0.7977704877998946,-0.9671663853202527,0.1693958975203581
2025-04-28 00:00:00+08:00,40.831907245868045,41.00326342056876,40.831907245868045,40.91758346557617,48371852,40.054680824279785,,,-0.6539761330400964,-0.9045080010559854,0.250531868015889
2025-04-29 00:00:00+08:00,40.91758273794677,41.12566049049458,40.75846709325803,41.07670211791992,43388416,39.91514720916748,,,-0.5219340909582044,-0.8279733495048884,0.306039258546684
2025-04-30 00:00:00+08:00,41.08894054222231,41.3704539715839,41.00326059313789,41.27253723144531,37552524,39.86435203552246,,,-0.39775987493092657,-0.7419127805092145,0.3441529055782879
2025-05-02 00:00:00+08:00,42.10484107289603,42.4720344543457,41.982443279079476,42.4720344543457,57160960,39.830080604553224,,,-0.20469898786280538,-0.6344521670229464,0.429753179160141
2025-05-05 00:00:00+08:00,42.74131234347235,42.74131234347235,41.590770059758135,42.09260177612305,127935288,39.78050937652588,,,-0.08022390526785728,-0.5235917787987634,0.4433678735309061
2025-05-06 00:00:00+08:00,41.603014058385476,42.12932687226413,41.456138930428494,41.860050201416016,116316784,39.93473072052002,,,0.00031261888511835423,-0.4187997558627374,0.41911237474785573
2025-05-07 00:00:00+08:00,42.05588441856772,42.22724058984645,41.603011068852716,41.700931549072266,53137384,40.14403095245361,,,0.05112761188010495,-0.32480628623408886,0.3759338981141938
2025-05-08 00:00:00+08:00,42.11708210659016,42.39859554164508,42.00692483788537,42.2517204284668,39311228,40.46716117858887,,,0.13278101777902407,-0.23328259665192222,0.36606361443094626
2025-05-09 00:00:00+08:00,42.27619867671537,42.82698876764466,42.190522459296986,42.77803039550781,51888384,40.637906074523926,,,0.23586548445594246,-0.1394478715819739,0.3753133560379164
2025-05-12 00:00:00+08:00,42.96162855970413,43.32882196619733,42.96162855970413,43.2553825378418,53767756,40.78661918640137,,,0.3508597929577917,-0.04138206730582968,0.39224186026362134
2025-05-13 00:00:00+08:00,44.2712875393225,44.33248644179031,43.78169631958008,43.78169631958008,79922716,40.972052001953124,,,0.4777517983051993,0.062448323777462685,0.41530347452773664
2025-05-14 00:00:00+08:00,44.51608086180253,44.77311325073242,44.393683063156146,44.77311325073242,90203212,41.186859893798825,,,0.6487772218999339,0.17971737238592278,0.46905984951401114
2025-05-15 00:00:00+08:00,44.773114348522526,44.773114348522526,44.55279979967091,44.67519760131836,45677800,41.43349151611328,,,0.7676650603179382,0.2973095323651229,0.4703555279528153
2025-05-16 00:00:00+08:00,44.61399927295622,44.84655435201349,44.479360942359534,44.7975959777832,37815732,41.70827445983887,,,0.8615535656272826,0.4101603523434603,0.45139321328382226
2025-05-19 00:00:00+08:00,44.71191227389742,44.71191227389742,44.14888541451227,44.173362731933594,37940744,41.947562026977536,,,0.876427150793397,0.5034150430088684,0.37301210778452853
2025-05-20 00:00:00+08:00,44.516080770906235,44.650715360914845,44.185605221122046,44.2590446472168,21364336,42.219285011291504,,,0.8847692078707681,0.579686746850155,0.3050824610206131
2025-05-21 00:00:00+08:00,44.28352216407276,45.00567216607391,44.28352216407276,44.94447326660156,54450212,42.557715034484865,,,0.9349432547178296,0.6507386974395781,0.28420455727825145
2025-05-22 00:00:00+08:00,44.565040851161164,44.565040851161164,44.210087969264755,44.45488357543945,33358772,42.78721103668213,,,0.9251200829652362,0.7056153755564843,0.21950470740875183
2025-05-23 00:00:00+08:00,44.736396159324535,44.74863668645237,44.11216662864916,44.27128601074219,26094416,43.019154930114745,,,0.8924253709950207,0.7429775930639599,0.1494477779310608
2025-05-26 00:00:00+08:00,44.22232437133789,44.4304021288651,44.13664815110305,44.22232437133789,55195720,43.20152759552002,,,0.8527698491992624,0.7649361469869004,0.08783370221236197
2025-05-27 00:00:00+08:00,44.222321025208224,44.222321025208224,43.57361421776529,43.830650329589844,48275072,43.347180938720705,,,0.7811141317828714,0.7681717560519452,0.012942375730926159
2025-05-28 00:00:00+08:00,44.28352490805694,44.393685922160685,43.64705855527722,43.90409469604492,32309448,43.48855056762695,,,0.7218562412989087,0.7589086253753488,-0.03705238407644007
2025-05-29 00:00:00+08:00,44.430398805748275,44.47935717583275,43.89184926425059,44.00200653076172,36265824,43.625024032592776,,,0.6749230364913998,0.7421114673773562,-0.06718843088595639
2025-06-02 00:00:00+08:00,43.5736197127947,43.58586024066984,42.90043176779366,43.059547424316406,70595756,43.654399681091306,,,0.5560167384909676,0.7048924503026065,-0.14887571181163894
2025-06-03 00:00:00+08:00,43.451219505892574,43.76945453665459,43.32882170446752,43.36553955078125,28229464,43.71804656982422,42.66766961415609,,0.4807087503768557,0.6600556416052469,-0.1793468912283912
2025-06-04 00:00:00+08:00,43.89185559633454,44.381446838378906,43.85513401201037,44.381446838378906,45804932,43.844116401672366,42.63992614746094,,0.49658069159370655,0.6273606115189486,-0.13077991992524207
2025-06-05 00:00:00+08:00,44.55280108200064,44.711916734608245,44.43040327683031,44.46712112426758,40696376,43.98242588043213,42.620750427246094,,0.5101290440528814,0.6039142750296351,-0.09378523097675373
2025-06-06 00:00:00+08:00,44.528321148143206,44.6507189563957,44.43040439565508,44.54056167602539,32768028,44.09686794281006,42.60728670756022,,0.5207383504611158,0.5872790770633275,-0.06654072660221166
2025-06-09 00:00:00+08:00,44.89551274992864,45.05463213536668,44.80983652880156,44.96895217895508,52629020,44.20641403198242,42.61422252655029,,0.5570519997869638,0.5812336578132836,-0.024181658026319774
2025-06-10 00:00:00+08:00,45.26270348040536,46.24188584870214,45.26270348040536,46.180686950683594,116037804,44.35267925262451,42.63809000651042,,0.6752046754311252,0.6000278707747069,0.0751768046564183
2025-06-11 00:00:00+08:00,46.180686950683594,46.180686950683594,46.180686950683594,46.180686950683594,0,44.47262878417969,42.6688933690389,,0.760065277926806,0.6320353650636418,0.12802991286316423
2025-06-12 00:00:00+08:00,46.180686950683594,46.180686950683594,46.180686950683594,46.180686950683594,0,44.54300746917725,42.70214474995931,,0.8178774613719995,0.6692037962707866,0.14867366510121283
2025-06-13 00:00:00+08:00,46.180686950683594,46.180686950683594,46.180686950683594,46.180686950683594,0,44.61828193664551,42.729072189331056,,0.8538408723146844,0.7061312209739795,0.1477096513407049
2025-06-16 00:00:00+08:00,46.180686950683594,46.180686950683594,46.180686950683594,46.180686950683594,0,44.687436485290526,42.75293966929118,,0.8722780088603415,0.7393605853861357,0.13291742347420576
2025-06-17 00:00:00+08:00,46.180686950683594,46.180686950683594,46.180686950683594,46.180686950683594,0,44.78780269622803,42.78598696390788,,0.8767749344834144,0.7668434597279109,0.10993147475550347
2025-06-18 00:00:00+08:00,46.511165627789154,46.72658695861944,46.1586593538067,46.579708099365234,244697327,44.90383586883545,42.80977300008138,,0.9020053630322593,0.7938758439473335,0.10812951908492585
2025-06-19 00:00:00+08:00,46.511166048512905,46.56012442361232,46.04115892404629,46.11949157714844,166284920,44.96258678436279,42.832008616129556,,0.8749078947534699,0.810082255815295,0.06482563893817483
2025-06-20 00:00:00+08:00,46.11948774848839,46.17824003490105,45.7180231295459,46.05094528198242,80561608,45.04238986968994,42.85391775767008,,0.838253128310896,0.8157164307890935,0.02253669752180254
2025-06-23 00:00:00+08:00,45.57115063511571,45.688651479408755,45.31656111464886,45.6690673828125,101938627,45.11227893829346,42.86171048482259,,0.7696106326635999,0.8064952705424897,-0.03688463787888985
2025-06-24 00:00:00+08:00,46.3153262465481,46.501373291015625,46.3153262465481,46.501373291015625,54574616,45.22623138427734,42.88398691813151,,0.7732610798265185,0.7998484320408986,-0.026587352214380133
2025-06-25 00:00:00+08:00,46.9028396985363,47.17700958251953,46.89304578251716,47.17700958251953,77814637,45.39354934692383,42.931803703308105,,0.8210576555223454,0.804090276920164,0.01696737860218145
2025-06-26 00:00:00+08:00,47.29451210686713,47.44139097009256,47.16721734109074,47.23576354980469,77281242,45.560132789611814,42.98794352213542,,0.8538186546486344,0.8140359528090708,0.03978270183956356
2025-06-27 00:00:00+08:00,47.31409183563344,47.363050207093195,47.00075377594985,47.28471755981445,94190611,45.72426834106445,43.071214803059895,,0.873647781298871,0.8259583188361714,0.04768946246269956
2025-06-30 00:00:00+08:00,47.363054035950135,47.41201241136771,47.23576300692136,47.35326385498047,59086358,45.93895416259765,43.14114481608073,,0.8846799168127362,0.8377026386908646,0.04697727812187158
2025-07-01 00:00:00+08:00,47.37284418903961,48.126815063487726,47.37284418903961,47.6274299621582,74674904,46.152048683166505,43.216868209838864,,0.9050658149459494,0.8511752741799224,0.05389054076602695
2025-07-02 00:00:00+08:00,47.55888971840101,47.735142852370984,47.37284640378137,47.63722610473633,75071035,46.31483764648438,43.36456158955892,,0.9115001403125902,0.8632402475769917,0.0482598927355985
2025-07-03 00:00:00+08:00,48.322652018447364,48.56744762894666,48.23452544925623,48.293277740478516,61179330,46.50614547729492,43.54420077006022,,0.958397139784374,0.8822716262336716,0.0761255135507024
2025-07-04 00:00:00+08:00,48.37161294838631,48.459739515426925,47.81347926889054,47.84285354614258,73712387,46.671260070800784,43.745096397399905,,0.9483392531181707,0.8954851517301046,0.05285410138806612
2025-07-07 00:00:00+08:00,47.80368307454776,47.80368307454776,47.43159272752352,47.55888748168945,78503277,46.8007568359375,43.88169231414795,,0.9070296858903504,0.8977940585788633,0.009235627311487082
2025-07-08 00:00:00+08:00,47.4413881939174,47.500136747542,47.20638277356569,47.343467712402344,50214875,46.85889587402344,43.99939810434977,,0.8471649831030277,0.8876682434250718,-0.0405032603220441
2025-07-09 00:00:00+08:00,47.34346999295593,47.97014989898642,47.265137339255006,47.83306121826172,38540142,46.941514587402345,44.12873179117839,,0.8296144051183632,0.8760574757099526,-0.046443070591589475
2025-07-10 00:00:00+08:00,47.979940220196276,48.440157168619855,47.97015003918678,48.381404876708984,53089295,47.051550483703615,44.2604726155599,,0.8501003790205885,0.8708660563528439,-0.020765677332255317
2025-07-11 00:00:00+08:00,48.33244652361873,48.596826234413925,48.25411013436773,48.587032318115234,44752569,47.171867752075194,44.40788040161133,,0.8728468803788019,0.8712622211592099,0.001584659219591944
2025-07-14 00:00:00+08:00,48.55765585138216,48.55765585138216,48.18556548977859,48.303070068359375,62300823,47.27798690795898,44.55789928436279,,0.8580894657639178,0.8686276700739038,-0.010538204309986088
2025-07-15 00:00:00+08:00,48.32265162783442,49.05703845339594,48.30307126620318,48.95912170410156,68008041,47.41690864562988,44.717424456278486,,0.8890341744852037,0.8727089709639065,0.016325203521297182
2025-07-16 00:00:00+08:00,49.10600013944219,49.64454972648161,49.10600013944219,49.35079574584961,90231230,47.555463027954104,44.89286130269368,,0.9343637834654217,0.8850399334829243,0.04932384998249739
2025-07-17 00:00:00+08:00,49.54662983857509,49.74246707311299,49.25287585441053,49.64455032348633,88235423,47.73171596527099,45.08400592803955,,0.9826437982362464,0.9045607064572903,0.07808309177895612
2025-07-18 00:00:00+08:00,50.32997839313793,50.525811890898716,50.232057908973,50.378936767578125,105861549,47.948115539550784,45.25923881530762,,1.0678112656387313,0.9372108183252926,0.13060044731343867
2025-07-21 00:00:00+08:00,50.38879514202195,50.38879514202195,50.04366790250863,50.19158172607422,75792981,48.17424125671387,45.435225041707355,,1.1074315284429943,0.9712549603752875,0.13617656806770684
2025-07-22 00:00:00+08:00,50.19158180734098,50.58601240147986,49.74784409753054,49.84645080566406,88841474,48.34149513244629,45.589751370747884,,1.098336488090716,0.9966712659341734,0.10166522215654261
2025-07-23 00:00:00+08:00,49.89575522030431,50.1422757574829,49.846451865189565,49.99436569213867,63766890,48.48236293792725,45.741031074523924,,1.0904856738710293,1.0154341475308757,0.07505152634015366
2025-07-24 00:00:00+08:00,50.29018783569336,50.388794542494,50.09297066048734,50.29018783569336,79659820,48.63508415222168,45.89458916982015,,1.0954923281088114,1.031445783652833,0.06404654445597835
2025-07-25 00:00:00+08:00,50.29018843404808,50.38879514202195,50.09297125649557,50.19158172607422,38620389,48.78042736053467,46.0432399113973,,1.0790675118266435,1.0409701292906266,0.03809738253601691
2025-07-28 00:00:00+08:00,50.48740662438432,50.68462380589304,50.19158273292367,50.33949279785156,52312766,48.92973880767822,46.174364217122395,,1.0656949585232312,1.0459150951384066,0.019779863384824514
2025-07-29 00:00:00+08:00,50.339492475173735,50.339492475173735,49.55062751580037,49.74784469604492,102624231,49.03575954437256,46.3019515991211,,0.9958953660407772,1.0359111493168427,-0.040015783276065475
2025-07-30 00:00:00+08:00,50.09297066048734,50.388794542494,49.94506060028638,50.29018783569336,82807206,49.16840763092041,46.442453893025714,,0.9731063250481782,1.0233501844610629,-0.05024385941288467
2025-07-31 00:00:00+08:00,50.38879706402143,50.88183814590659,50.38879706402143,50.83253479003906,81565859,49.295370483398436,46.59464728037516,,0.9874100480478489,1.016162157177483,-0.028752109129634107
2025-08-01 00:00:00+08:00,50.09297006681179,50.4874044125492,49.94506000836378,50.3887939453125,98235777,49.422667503356934,46.73026517232259,,0.9519772034078215,1.003325166422212,-0.051347963014390485
2025-08-04 00:00:00+08:00,49.945061738187015,50.09297180175781,49.69854120396418,50.09297180175781,85556033,49.54937171936035,46.852180862426756,,0.8897762245798546,0.9806153780518457,-0.09083915347199112
2025-08-05 00:00:00+08:00,50.536707693135824,50.733924865722656,50.33949052054899,50.733924865722656,46655329,49.71889457702637,46.976823234558104,,0.8820185400092129,0.960896010442003,-0.07887747043279014
2025-08-06 00:00:00+08:00,50.388794542494,50.388794542494,50.14227401388766,50.29018783569336,48326240,49.841750907897946,47.08529809315999,,0.830500266147645,0.9348168615817388,-0.10431659543409377
2025-08-07 00:00:00+08:00,50.931143892633656,51.867918913719436,50.931143892633656,51.720008850097656,125733157,50.00868110656738,47.20107968648275,,0.8947040046659325,0.9267942901982349,-0.03209028553230242
2025-08-08 00:00:00+08:00,51.818615559178845,51.867918913719436,51.57209502487104,51.720008850097656,59604000,50.165329933166504,47.31849320729574,,0.9348094936090376,0.9283973308804502,0.006412162728587467
2025-08-11 00:00:00+08:00,51.62139983544642,52.36096145922992,51.325575938254005,52.11444091796875,71600855,50.355898475646974,47.4404406229655,,0.9870356417144208,0.9401249930475651,0.04691064866685568
2025-08-12 00:00:00+08:00,52.11443876462811,52.26235258791507,51.81861487965898,52.16374588012695,57519835,50.516129684448245,47.57361367543538,,1.0206372222587277,0.9562274388901498,0.06440978336857783
2025-08-13 00:00:00+08:00,52.4102656826243,52.65678621027239,52.21304850818489,52.607479095458984,75956144,50.678963851928714,47.712754249572754,,1.070722760682969,0.9791265032491143,0.09159625743385469
2025-08-14 00:00:00+08:00,52.45957023055221,52.55817693921523,52.21304969728985,52.4102668762207,57038858,50.81724967956543,47.83718414306641,,1.0820317878780443,0.9997075601751885,0.08232422770285586
2025-08-15 00:00:00+08:00,52.4102668762207,52.55817693921523,52.065135872690504,52.4102668762207,52736409,50.91881618499756,47.969773864746095,,1.0785609604908828,1.0154782402385039,0.06308272025237893
2025-08-18 00:00:00+08:00,52.21305069944842,52.60748130327587,52.065136872010065,52.55817794799805,46297216,51.03714599609375,48.10788873036702,,1.0753475535256385,1.0274521028960382,0.04789545062960032
2025-08-19 00:00:00+08:00,52.55817855006411,52.55817855006411,52.31165800924617,52.459571838378906,29425841,51.167802047729495,48.24517618815104,,1.0527100250565269,1.032503687328172,0.020206337728354784
2025-08-20 00:00:00+08:00,51.818614151044365,51.86791750424517,50.78322868740844,50.980445861816406,223798736,51.21710605621338,48.364339447021486,,0.9049987459456901,1.0070026990515295,-0.10200395310583943
2025-08-21 00:00:00+08:00,51.02975128247188,51.374878530465,51.02975128247188,51.27627182006836,73508730,51.26641025543213,48.48720906575521,,0.8025530997569845,0.9661127791924329,-0.16355967943544836
2025-08-22 00:00:00+08:00,51.32557471411146,51.3748780688668,50.93114411446394,51.02975082397461,44549133,51.30831871032715,48.60433813730876,,0.6934800506899634,0.9115862334917391,-0.21810618280177563
2025-08-25 00:00:00+08:00,51.72000930969297,52.21305038268984,51.62139883813067,51.966529846191406,62750061,51.38967056274414,48.752787844340006,,0.6748425357621315,0.8642374939456785,-0.189394958183547
2025-08-26 00:00:00+08:00,51.81861382050239,52.11443769942497,51.57209329446612,52.015830993652344,40863870,51.50306987762451,48.89695936838786,,0.6564823835292515,0.8226864718622954,-0.1662040883330439
2025-08-27 00:00:00+08:00,52.262351989746094,52.4102658113401,52.163745283086584,52.262351989746094,90133682,51.60167808532715,49.02830778757731,,0.6542801250221828,0.7890052024942096,-0.13472507747202678
2025-08-28 00:00:00+08:00,52.06513771029062,52.16374818403884,51.76931381225586,51.76931381225586,59176066,51.64851703643799,49.15001099904378,,0.6057708056189242,0.7523583231190973,-0.14658751750017318
2025-08-29 00:00:00+08:00,52.06513771029062,52.21305154011047,51.76931381225586,51.76931381225586,36369305,51.717543029785155,49.27049020131429,,0.5608615123371266,0.7140589609626571,-0.15319744862553053
2025-09-01 00:00:00+08:00,51.4241856472682,51.720009540063,51.02975128247188,51.27627182006836,76529981,51.77670803070068,49.37561219533284,,0.4799561788021336,0.6672384045305073,-0.18728222572837372
2025-09-02 00:00:00+08:00,51.57209571286316,51.76931289526132,51.22696846487004,51.27627182006836,33217612,51.80382537841797,49.46053860982259,,0.4110992191525682,0.61601056745488,-0.20491134830231184
2025-09-03 00:00:00+08:00,51.177663504258454,51.47348738777343,51.029749681698576,51.226966857910156,39472404,51.85066432952881,49.544643274943034,,0.3485336290424428,0.5625151797723597,-0.21398155072991687
2025-09-04 00:00:00+08:00,51.81861449285796,51.96652831504081,51.52279061009701,51.57209396362305,37461241,51.84326858520508,49.63450005849202,,0.3230731627532464,0.5146267763685135,-0.19155361361526713
2025-09-05 00:00:00+08:00,51.96653085017501,52.16374803550493,51.91722749424377,52.11444091796875,37395300,51.86299018859863,49.733395957946776,,0.34270576942621744,0.48024257498004075,-0.1375368055538233
2025-09-08 00:00:00+08:00,52.65678621027239,52.80469626989839,52.50887238904164,52.607479095458984,59980892,51.88764209747315,49.8405091603597,,0.3935108234072686,0.46289622466548086,-0.06938540125821224
2025-09-09 00:00:00+08:00,52.80469885195549,53.19913322012147,52.75539549633598,53.14982986450195,56315324,51.93694629669189,49.956661542256676,,0.4720934804391561,0.46473567582021647,0.007357804618939645
2025-09-10 00:00:00+08:00,53.64287056514277,54.23451835160928,53.64287056514277,54.18521499633789,73272121,52.01583309173584,50.083419990539554,,0.6108726583638173,0.49396307232894254,0.11690958603487478
2025-09-11 00:00:00+08:00,54.77686370072057,55.12199471661359,54.481039802530084,54.67825698852539,84750243,52.12923259735108,50.22606608072917,,0.7519707504716067,0.5455646079574837,0.20640614251412293
2025-09-12 00:00:00+08:00,54.97407959188734,55.22060012817383,54.92477623695102,55.22060012817383,57457218,52.26974925994873,50.37889366149902,,0.897210526385237,0.6158937916430435,0.28131673474219354
2025-09-15 00:00:00+08:00,55.22060012817383,55.269903483110156,55.023382946823666,55.22060012817383,52544684,52.40287036895752,50.53808587392171,,1.0007776550563179,0.6928705643257063,0.3079070907306116
2025-09-16 00:00:00+08:00,55.368515319425285,56.05876982875839,55.368515319425285,55.96016311645508,63314427,52.57789993286133,50.69573237101237,,1.129509828770047,0.7801984172145816,0.3493114115554653
2025-09-17 00:00:00+08:00,55.81224776955011,55.81224776955011,55.46712052426331,55.56572723388672,66204045,52.80716400146484,50.83554433186849,,1.1860322334007236,0.8613651804518153,0.3246670529489083
2025-09-18 00:00:00+08:00,55.713641430920724,56.157379150390625,55.467120893615764,56.157379150390625,44089588,53.051219367980956,50.98423792521159,,1.263996212328827,0.9418913868272218,0.32210482550160524
2025-09-19 00:00:00+08:00,56.20668029785156,56.30528700425853,55.81224594901422,56.20668029785156,71674519,53.310065841674806,51.132937304178874,,1.3146072812056957,1.0164345657029197,0.298172715502776
2025-09-22 00:00:00+08:00,56.20668182089452,56.60111618041992,55.96016128659235,56.60111618041992,56355369,53.54179515838623,51.28706817626953,,1.3707427967533334,1.0872962119130047,0.2834465848403287
2025-09-23 00:00:00+08:00,57.04484977666233,57.784411374950636,57.04484977666233,57.63650131225586,89181458,53.822828674316405,51.45388603210449,,1.4816957730359235,1.1661761241375905,0.31551964889833295
2025-09-24 00:00:00+08:00,57.883024063125404,58.129544605334964,57.29137250485949,57.58720016479492,90579906,54.089071083068845,51.61971893310547,,1.5478064668964393,1.2425021926893618,0.3053042742070775
2025-09-25 00:00:00+08:00,57.53789037766275,57.58719749310107,57.19276313922314,57.38998031616211,56318217,54.37010440826416,51.77133064270019,,1.5662313398521874,1.307248022121928,0.2589833177302594
2025-09-26 00:00:00+08:00,57.09415617572371,57.09415617572371,56.0587669418348,56.45320129394531,158564436,54.604298782348636,51.914836438496906,,1.4880902854301468,1.3434164747835722,0.14467381064657459
2025-09-30 00:00:00+08:00,56.74902770763093,57.09415872151801,56.74902770763093,56.995548248291016,62389962,54.890262603759766,52.07211411794027,,1.4531738662512836,1.3653679530771146,0.08780591317416908
2025-10-01 00:00:00+08:00,57.094156974635624,57.93232528259291,57.094156974635624,57.2913703918457,74531798,55.19101753234863,52.23791249593099,,1.432855316009089,1.3788654256635096,0.05398989034557955
2025-10-02 00:00:00+08:00,58.17884711730999,58.42536765594266,58.03093328948843,58.37606430053711,72057003,55.54847240447998,52.41362921396891,,1.4871345878618385,1.4005192581031756,0.08661532975866293
2025-10-03 00:00:00+08:00,58.376065060812294,59.26353675448517,58.22815123106434,59.2142333984375,73601535,55.930579376220706,52.594176355997725,,1.5795753766411238,1.4363304818107654,0.1432448948303584
2025-10-07 00:00:00+08:00,60.15101217766349,60.841270446777344,60.05240546562078,60.841270446777344,132381054,56.36692085266113,52.79841365814209,,1.7637903629953229,1.5018224580476773,0.26196790494764555
2025-10-08 00:00:00+08:00,60.15100966893169,60.29892349243164,59.7565753140017,60.29892349243164,112448112,56.75149307250977,52.998344548543294,,1.8447543945531635,1.5704088453487748,0.2743455492043887
2025-10-09 00:00:00+08:00,60.989177236223114,61.087787704569735,60.644050001021796,60.74265670776367,72911291,57.13113441467285,53.19473679860433,,1.9225620750709567,1.6408394912932114,0.2817225837777453
2025-10-13 00:00:00+08:00,59.06631979147511,60.15100860595703,58.77049214970302,60.15100860595703,261787970,57.429424095153806,53.37474034627279,,1.914416326552704,1.69555485834511,0.218861468207594
2025-10-14 00:00:00+08:00,60.989178662879205,61.28500631323431,59.8058831078781,59.855186462402344,157148588,57.688270568847656,53.54491761525472,,1.8626194272248071,1.7289677721210497,0.13365165510375743
2025-10-15 00:00:00+08:00,60.151011583038276,60.939876556396484,59.75657721555672,60.939876556396484,97216134,57.974234390258786,53.720933278401695,,1.887338724266506,1.760641962550141,0.12669676171636501
2025-10-16 00:00:00+08:00,61.23569735879631,62.123172760009766,61.23569735879631,62.123172760009766,112923095,58.319363021850585,53.919793128967285,,1.9795909110899075,1.8044317522580944,0.1751591588318131
2025-10-17 00:00:00+08:00,61.186397552490234,61.43291809360551,61.03848748478403,61.186397552490234,157583768,58.580674743652345,54.108792241414385,,1.9545807477073183,1.8344615513479388,0.12011919635937951
2025-10-20 00:00:00+08:00,61.482221065598345,62.3203931571195,61.28500764322152,62.22178268432617,102880277,58.91347751617432,54.31258252461751,,1.9953058036104423,1.8666304018004396,0.1286754018100027
2025-10-21 00:00:00+08:00,62.51760979088862,62.76413032829496,62.172478781556826,62.32039260864258,124931191,59.221628189086914,54.5130859375,,2.0123406267948596,1.8957724467993238,0.11656817999553581
2025-10-22 00:00:00+08:00,61.72874014599277,61.97526067974131,61.38361290338674,61.82735061645508,116660310,59.50266170501709,54.707015419006346,,1.9634235286062776,1.9093026631607148,0.054120865445562716
2025-10-23 00:00:00+08:00,61.23569916196037,61.53152681214569,60.89057191888393,61.48221969604492,161355781,59.74671688079834,54.892727533976235,,1.8751912683369127,1.9024803841959546,-0.027289115859041813
2025-10-27 00:00:00+08:00,62.86273735504076,63.010651182871044,62.56691346098507,62.91204071044922,102297434,60.01049385070801,55.11213080088297,,1.8987530377860864,1.901734914913981,-0.002981877127894661
2025-10-28 00:00:00+08:00,62.66552086584292,62.81343469531141,62.32039361255638,62.46830368041992,93730892,60.25454902648926,55.31509939829508,,1.8601771986383042,1.8934233716588458,-0.03324617302054156
2025-10-29 00:00:00+08:00,62.81343436243311,63.552992221041436,62.81343436243311,63.503692626953125,65206490,60.56023464202881,55.526285362243655,,1.8913501857721329,1.8930087344815034,-0.0016585487093705442
2025-10-30 00:00:00+08:00,63.70090604972605,63.89812699570883,63.10925825819742,63.503692626953125,91073965,60.9127592086792,55.74486700693766,,1.8942196053329212,1.893250908651787,0.0009686966811341957
2025-10-31 00:00:00+08:00,63.700905904319036,63.89812684985162,63.503692481996275,63.848819732666016,53629924,61.25542278289795,55.974131139119464,,1.9024125896318154,1.8950832448477928,0.0073293447840225845
2025-11-03 00:00:00+08:00,63.552991762886194,63.8981265350655,63.01065109256547,63.257171630859375,130638786,61.55371284484863,56.18285191853841,,1.8399548029397366,1.884057556466182,-0.044102753526445326
2025-11-04 00:00:00+08:00,63.60229619122615,63.94742342560642,62.961341314114534,63.05995178222656,83118781,61.78790721893311,56.395681317647295,,1.7543198902018773,1.8581100232133212,-0.10379013301144391
2025-11-05 00:00:00+08:00,62.07387046932781,62.271087646484375,61.43291558397018,62.271087646484375,210997899,61.940749931335446,56.57153263092041,,1.6043055748979782,1.8073491335502527,-0.20304355865227453
2025-11-06 00:00:00+08:00,62.46830207294753,62.6162158986098,62.271088654204284,62.41899871826172,65559913,62.01963634490967,56.74984912872314,,1.480289451048698,1.7419371970499418,-0.26164774600124385
2025-11-07 00:00:00+08:00,61.778046198745564,61.8766529059059,61.53152566923996,61.67943572998047,102458588,62.08866195678711,56.90926570892334,,1.3072600680422397,1.6550017712484015,-0.3477417032061618
2025-11-10 00:00:00+08:00,61.92595924171038,62.46830368041992,61.72874205628738,62.46830368041992,80256746,62.17494430541992,57.08100833892822,,1.219727700274177,1.567946957053557,-0.3482192567793798
2025-11-11 00:00:00+08:00,62.764128237979044,62.81343159149732,61.97525953526759,62.024566650390625,75382949,62.2686222076416,57.23795979817708,,1.1018504141640975,1.4747276484756653,-0.37287723431156783
2025-11-12 00:00:00+08:00,62.073872071236245,62.41899931896316,61.876654888990196,62.32039260864258,59822193,62.391882514953615,57.40312856038411,,1.0205383266758759,1.3838897841157076,-0.36335145743983177
2025-11-13 00:00:00+08:00,61.925956181749314,62.0738700039089,61.72873900607145,62.024566650390625,74963633,62.44611701965332,57.56336688995361,,0.9216035914243434,1.291432545577435,-0.36982895415309147
2025-11-14 00:00:00+08:00,60.79196709075598,61.03848763246772,60.54544654904425,60.841270446777344,204108022,62.3820219039917,57.70141843159993,,0.7391941510113682,1.1809848666642215,-0.4417907156528533
2025-11-17 00:00:00+08:00,61.13709319089496,61.33431037286398,60.939876008925935,61.03848648071289,86927813,62.374626350402835,57.8444003423055,,0.6035892199627,1.0655057373239172,-0.4619165173612172
2025-11-18 00:00:00+08:00,60.446833771540774,60.446833771540774,59.460751642277124,59.608665466308594,240526230,62.243970489501955,57.98820400238037,,0.37640787383070773,0.9276861646252753,-0.5512782907945676
2025-11-19 00:00:00+08:00,59.31284387213779,59.65797112607642,59.066323330294495,59.2142333984375,138705085,62.0886625289917,58.12050336201985,,0.16266261315587371,0.774681454331395,-0.6120188411755213
2025-11-20 00:00:00+08:00,60.69335547186588,61.087789835803925,60.496138289896855,61.03848648071289,81330710,62.04921932220459,58.287315622965494,,0.13886898514081025,0.6475189604932781,-0.5086499753524678
2025-11-21 00:00:00+08:00,59.26353408052501,59.312841195952906,58.671886311438136,59.01701354980469,299502200,61.92595901489258,58.40482368469238,,-0.04261224289366794,0.5094927198158888,-0.5521049627095568
2025-11-24 00:00:00+08:00,59.26353583759341,59.26353583759341,58.62258469568025,58.72119140625,153617414,61.71641654968262,58.516579691569014,,-0.20791110540580604,0.36601195477154985,-0.573923060177356
2025-11-25 00:00:00+08:00,59.85518654736142,59.90448990195564,59.26353500741624,59.51005554199219,61913501,61.56850414276123,58.63737475077311,,-0.2721201215243667,0.23838553951236655,-0.5105056610367332
2025-11-26 00:00:00+08:00,60.249615185116085,60.64404953224411,60.151008479136436,60.49613571166992,73622900,61.41812629699707,58.78282178243001,,-0.24066364019899567,0.14257570357009408,-0.38323934376908975
2025-11-27 00:00:00+08:00,60.939876008925935,61.235699901077034,60.791965943652826,61.03848648071289,52209933,61.29486598968506,58.93730799357096,,-0.17001122507755184,0.08005831784056489,-0.2500695429181167
2025-11-28 00:00:00+08:00,61.087789098472534,61.53152681214569,60.989178627875816,61.48221969604492,66700125,61.176535987854,59.10740712483724,,-0.07732182101457852,0.048582290069536196,-0.1259041110841147
2025-12-01 00:00:00+08:00,60.939874482887696,61.08778830606167,60.54544389043174,60.64405059814453,96548521,61.04587993621826,59.26353677113851,,-0.0706832091215901,0.024729190231310934,-0.09541239935290102
2025-12-02 00:00:00+08:00,60.93987715882006,61.334311530200814,60.79196709075598,60.841270446777344,41397425,60.9349458694458,59.4237751642863,,-0.048943882144762085,0.009994575756096327,-0.058938457900858415
2025-12-03 00:00:00+08:00,61.53152520190286,61.63013190831427,61.23569755945916,61.43291473388672,44855416,60.89303722381592,59.58812217712402,,0.015842789697650517,0.011164218544407165,0.0046785711532433515
2025-12-04 00:00:00+08:00,61.531525800614084,61.63013250798495,61.13709144792107,61.33430862426758,38785824,60.83880271911621,59.74178663889567,,0.05855502259052514,0.020642379353630766,0.037912643236894375
2025-12-05 00:00:00+08:00,61.58083168274966,61.87665557861328,61.482221209725175,61.87665557861328,45051403,60.84866371154785,59.89627291361491,,0.1346158539200104,0.043437074266906704,0.0911787796531037
2025-12-08 00:00:00+08:00,62.12317633369031,62.81343460083008,62.073872977809955,62.81343460083008,76124318,60.86592025756836,60.05733299255371,,0.26740236903648196,0.08823013322082177,0.1791722358156602
2025-12-09 00:00:00+08:00,62.91203803667339,62.96134138998645,62.66551750850335,62.714820861816406,48271330,60.90043296813965,60.199493090311684,,0.36052344680866355,0.14268879593839015,0.2178346508702734
2025-12-10 00:00:00+08:00,62.81343450738134,63.30647182705632,62.76413115157433,63.158565521240234,64151249,60.94234161376953,60.34083156585693,,0.4647714480869354,0.20710532636809925,0.2576661217188361
2025-12-11 00:00:00+08:00,63.40508625158041,63.60229967539846,62.32039361255638,62.46830368041992,94638653,60.964528465270995,60.46162662506104,,0.4860870866902829,0.26290167843253603,0.22318540825774685
2025-12-12 00:00:00+08:00,62.66552031577981,62.91204085499342,62.418999776566196,62.56691360473633,57687594,61.05081062316894,60.584065183003744,,0.5051142353779952,0.31134418982162787,0.1937700455563673
2025-12-15 00:00:00+08:00,61.63013284075953,61.97526008002587,61.53152613285623,61.92595672607422,105905436,61.09518413543701,60.683495076497394,,0.4631348088627476,0.3417023136298519,0.12143249523289573
2025-12-16 00:00:00+08:00,61.23569975988883,61.38361358642578,60.84126915846508,61.38361358642578,155552766,61.183931541442874,60.780459849039715,,0.38170322620655384,0.3497024961451923,0.03200073006136156
2025-12-17 00:00:00+08:00,61.28500701777295,61.580830909924046,60.98917936401698,61.03848648071289,89657544,61.27514419555664,60.86181163787842,,0.2860221585461318,0.33696642862538023,-0.050944270079248455
2025-12-18 00:00:00+08:00,60.939876008925935,61.235699901077034,60.69335547186588,61.03848648071289,112535790,61.27514419555664,60.9423417409261,,0.20779884741871513,0.3111329123840472,-0.1033340649653321
2025-12-19 00:00:00+08:00,61.531527871829454,61.876655120849605,61.48222075487953,61.63013458251953,79433169,61.40580024719238,61.02615871429443,,0.19134168929237916,0.2871746677657136,-0.09583297847333444
2025-12-22 00:00:00+08:00,62.418998172463915,62.56691199683282,62.17247763958562,62.517608642578125,91596850,61.59562110900879,61.107510503133135,,0.24706301025719313,0.27915233626400954,-0.03208932600681641
2025-12-23 00:00:00+08:00,62.61621741570373,62.91204131259079,62.61621741570373,62.81343460083008,100327038,61.760790061950686,61.19461441040039,,0.3115024305405072,0.28562235511930906,0.025880075421198134
2025-12-24 00:00:00+08:00,63.05995232687388,63.158562795837604,62.8627351505512,62.961341857910156,62393202,61.884050369262695,61.28747043609619,,0.37023813795129,0.30254551168570526,0.06769262626558475
2025-12-26 00:00:00+08:00,63.306471680970354,63.60229933833959,63.20786496958389,63.503692626953125,68362335,62.007310676574704,61.404978624979655,,0.45530134631930963,0.33309667861242614,0.12220466770688349
2025-12-29 00:00:00+08:00,63.75021014665878,64.44046461687091,63.700903031696704,64.34185791015625,83563905,62.150292587280276,61.52741711934407,,0.5836198689701959,0.38320131668398016,0.20041855228621575
2025-12-30 00:00:00+08:00,63.996735069913605,64.39116944706883,63.84882123807914,64.24325561523438,58116367,62.33025283813477,61.64328187306722,,0.6696376759389366,0.4404885885349715,0.2291490874039651
2025-12-31 00:00:00+08:00,64.19394774569439,64.93350937300241,63.99673432102955,64.6869888305664,69494353,62.52253875732422,61.74846394856771,,0.7647968629741158,0.5053502434228004,0.2594466195513153
2026-01-02 00:00:00+08:00,65.08142108447946,66.06750322212308,64.88420766623459,66.01819610595703,77878570,62.75180282592773,61.86186332702637,,0.9368293086325679,0.591646056464754,0.34518325216781387
2026-01-05 00:00:00+08:00,67.15219074424454,69.07505538864497,67.10289115226064,68.53270721435547,225924687,63.111722755432126,61.99005393981933,,1.2615242058689802,0.7256216863455993,0.5359025195233809
2026-01-06 00:00:00+08:00,68.48339876643611,69.42018127441406,67.9903577169349,69.42018127441406,125256215,63.488899040222165,62.14207490285238,,1.572334094820377,0.894964168040555,0.677369926779822
2026-01-07 00:00:00+08:00,69.42018633806067,69.46948593268118,68.72992430448426,68.87783813476562,113869755,63.79211921691895,62.27766125996907,,1.7546639419191976,1.0669041228162837,0.687759819102914
2026-01-08 00:00:00+08:00,68.6806251603149,69.37087967520853,68.43410461596575,69.12435913085938,71394567,64.11259613037109,62.42721710205078,,1.897184281973324,1.2329601546476918,0.6642241273256322
2026-01-09 00:00:00+08:00,68.82853854014512,69.2722725077793,67.94106308166681,68.87783813476562,106682469,64.39855976104737,62.5775946299235,,1.9675596919137917,1.379880062100912,0.5876796298128797
2026-01-12 00:00:00+08:00,69.51879395916782,69.56810107764274,69.07505998573374,69.37088012695312,80365400,64.74368858337402,62.71811135609945,,2.0396057707307875,1.5118252038268873,0.5277805669039002
2026-01-13 00:00:00+08:00,70.11043777368424,70.20904448181071,69.32157658546286,69.71600341796875,99445355,65.10114307403565,62.844658533732094,,2.1003399587793297,1.6295281548173761,0.47081180396195355
2026-01-14 00:00:00+08:00,69.96252561577303,70.11043944308952,69.66670548434982,69.76531219482422,82266008,65.49311084747315,62.987640444437666,,2.1279216894078132,1.7292068617354637,0.39871482767234956
2026-01-15 00:00:00+08:00,69.71600186186586,69.71600186186586,69.17366121767083,69.66670227050781,89452635,65.90726528167724,63.11172243754069,,2.1174151690537,1.8068485231991112,0.31056664585458904
2026-01-16 00:00:00+08:00,70.75139662954543,71.09652388894999,70.20904841961682,70.99791717529297,97268614,66.40523681640624,63.256347846984866,,2.1912472532632705,1.8837282692119433,0.30751898405132727
2026-01-19 00:00:00+08:00,70.70208603668135,71.78678240323458,70.45556550304828,71.58956146240234,116848644,66.93279056549072,63.41905136108399,,2.2713181173850643,1.9612462388465677,0.3100718785384966
2026-01-20 00:00:00+08:00,70.89930697751359,71.63886857841281,70.84999986150312,71.58956146240234,104977401,67.43076190948486,63.58750705718994,,2.308167733012695,2.0306305376797935,0.27753719533290155
2026-01-21 00:00:00+08:00,70.80069888228566,71.49095335365786,70.70208465219577,70.8499984741211,161269608,67.84738140106201,63.71980635325114,,2.251738133237197,2.0748520567912743,0.17688607644592258
2026-01-22 00:00:00+08:00,71.9000015258789,72.05000305175781,71.5999984741211,71.80000305175781,96360058,68.2967098236084,63.87533467610677,,2.2576499128392413,2.1114116280008677,0.14623828483837364
2026-01-23 00:00:00+08:00,72.0999984741211,72.30000305175781,71.80000305175781,72.25,68701320,68.76114273071289,64.02110646565755,,2.2724506358948275,2.1436194295796596,0.12883120631516798
2026-01-26 00:00:00+08:00,72.25,72.6500015258789,72.19999694824219,72.25,84082813,69.19845809936524,64.16687825520833,,2.2581497705003244,2.1665254977637924,0.09162427273653195
2026-01-27 00:00:00+08:00,72.4000015258789,73.1500015258789,72.3499984741211,73.05000305175781,70421120,69.63386535644531,64.32023131052652,,2.285029393471362,2.1902262769053062,0.09480311656605567
2026-01-28 00:00:00+08:00,73.55000305175781,74.19999694824219,73.5,74.19999694824219,87294077,70.1317024230957,64.5026117324829,,2.3717861082804887,2.2265382431803427,0.1452478651001461
2026-01-29 00:00:00+08:00,74.4000015258789,74.5,73.5,73.75,111905919,70.58485298156738,64.68077920277914,,2.376831800210084,2.256596954586291,0.12023484562379316
2026-01-30 00:00:00+08:00,73.1500015258789,73.19999694824219,72.30000305175781,72.5999984741211,159055585,70.91394309997558,64.85292771657308,,2.261960564002237,2.2576696764694804,0.004290887532756749
2026-02-02 00:00:00+08:00,71.55000305175781,71.75,70.9000015258789,71.5,211262670,71.06230773925782,65.00427773793538,,2.0584352397084587,2.217822789117276,-0.15938754940881728
2026-02-03 00:00:00+08:00,73.0,73.05000305175781,72.4000015258789,72.94999694824219,70926930,71.23879852294922,65.1921204249064,,1.9911893951567805,2.1724961103251768,-0.18130671516839625
2026-02-04 00:00:00+08:00,72.4000015258789,73.1500015258789,72.30000305175781,72.9000015258789,56597222,71.43990669250488,65.36598205566406,,1.9118240485699403,2.1203616979741295,-0.20853764940418928
2026-02-05 00:00:00+08:00,72.05000305175781,72.25,71.75,72.0,95746290,71.58368873596191,65.53223927815755,,1.7560610605292055,2.047501570485145,-0.2914405099559394
2026-02-06 00:00:00+08:00,71.4000015258789,72.25,70.80000305175781,71.9000015258789,102980565,71.73479690551758,65.69189942677816,,1.6060353534279983,1.9592083270737155,-0.3531729736457172
2026-02-09 00:00:00+08:00,74.05000305175781,74.1500015258789,73.75,73.94999694824219,118533745,71.96375274658203,65.89065659840902,,1.6337238436928772,1.8941114303975481,-0.260387586704671
2026-02-10 00:00:00+08:00,74.6500015258789,75.5,74.5999984741211,75.5,98559015,72.2529525756836,66.1349687576294,,1.760446135067852,1.867378371331609,-0.10693223626375703
2026-02-11 00:00:00+08:00,75.9000015258789,77.44999694824219,75.9000015258789,77.19999694824219,114028587,72.62468681335449,66.40432726542154,,1.9752802077175318,1.8889587386087938,0.08632146910873795
2026-02-23 00:00:00+08:00,78.44999694824219,78.44999694824219,77.19999694824219,77.4000015258789,212974781,73.01135177612305,66.70084953308105,,2.137041966206354,1.9385753841283062,0.1984665820780478
2026-02-24 00:00:00+08:00,77.94999694824219,79.6500015258789,77.8499984741211,79.4000015258789,143721014,73.43145599365235,67.03727900187174,,2.3989687897804544,2.0306540652587364,0.368314724521718
2026-02-25 00:00:00+08:00,80.3499984741211,81.80000305175781,80.25,81.0999984741211,158561421,73.90697784423828,67.37163753509522,,2.712455728123217,2.1670143978316325,0.5454413302915846
2026-02-26 00:00:00+08:00,81.25,81.5,80.80000305175781,81.1500015258789,123812672,74.3849998474121,67.74052066802979,,2.931142823678826,2.3198400830010715,0.6113027406777545
2026-03-02 00:00:00+08:00,79.5,80.80000305175781,79.1500015258789,80.3499984741211,204278933,74.85999984741211,68.10100078582764,54.54555236498515,3.0052576234164547,2.4569235910841485,0.5483340323323063
2026-03-03 00:00:00+08:00,80.05000305175781,80.4000015258789,78.6500015258789,78.75,288356288,75.20749969482422,68.42166652679444,54.68181880315145,2.901441619162867,2.5458271966998924,0.3556144224629745
2026-03-04 00:00:00+08:00,77.4000015258789,77.44999694824219,75.5,75.5999984741211,455564304,75.37499961853027,68.67339757283528,54.80674519538879,2.5357572610016774,2.5438132095602497,-0.008055948558572279
2026-03-05 00:00:00+08:00,78.30000305175781,78.8499984741211,76.69999694824219,77.4000015258789,194777972,75.63249969482422,68.94608949025472,54.940293598175046,2.3639448893637507,2.50783954552095,-0.1438946561571992
2026-03-06 00:00:00+08:00,76.69999694824219,76.69999694824219,76.69999694824219,76.69999694824219,0,75.81499938964843,69.19971911112468,55.07424023946126,2.146553693322531,2.435582375081266,-0.2890286817587353
